user_id,summary_persona
speaker-01,"Persona description for speaker ID ""speaker-01"":

- **Preferences and meal choices:**
  - Prefers savory and well-seasoned dishes.
  - Enjoys a variety of cuisines but has a notable preference for Mediterranean food.
  - Regularly orders salads with grilled chicken or mixed vegetables as a choice of meal.
  - When it comes to beverages, speaker-01 typically opts for herbal teas or sparkling water.

- **Dietary restrictions or allergies:**
  - No specific dietary restrictions or allergies mentioned.
  - Shows an inclination towards nutritious and wholesome ingredients.

- **Meal customization:**
  - Often requests dressing on the side to control the amount used.
  - Prefers grilled rather than fried items to reduce unhealthy fat intake.
  - Requests whole grain options when available, such as whole grain bread or pasta.
  
- **Attitude towards food:**
  - Generally health-conscious and focused on balanced eating.
  - Occasionally allows for indulgence, but it is controlled and intentional.
  - Cares about the quality and source of the ingredients, suggesting a preference for organic or sustainably sourced products.

- **Eating habits:**
  - Tends to eat smaller, more frequent meals rather than three large ones.
  - Usually avoids desserts or substitutes them with fruit.
  - Drinks water consistently with meals, rarely orders sugary drinks.

- **Additional lifestyle information:**
  - Actively involved in fitness and maintains a diet that supports a healthy lifestyle.
  - Displays interest in low-impact and plant-based eating patterns.
  - Values dining environments that offer a casual yet thoughtful approach to sustainability and health-focused options."
speaker-00,"Persona description for speaker ID ""speaker-00""

- **Preferences and Meal Choices:**
  - Likely has a preference for nutritious meals with balanced ingredients.

- **Dietary Restrictions or Allergies:**
  - No specific allergies or intolerances mentioned.
  - Does not communicate specific dietary restrictions in interactions.

- **Meal Customization:**
  - Occasionally prefers simple modifications such as dressing on the side.
  - Shows interest in customized portion sizes for specific dishes.

- **Attitude Towards Food:**
  - Displays a general health-conscious approach to food choices.
  - Shows interest in balanced and nutritious options, while not opposed to indulging occasionally.

- **Eating Habits:**
  - Prefers lighter meals and might gravitate toward salads or lean proteins.
  - Drinks water consistently with meals and avoids sugary beverages.

- **Additional Lifestyle Information:**
  - Likely follows a fitness-focused lifestyle, aligning food choices with physical activity goals.
  - Shows a preference for dining environments that offer healthy options.
"
